<?xml version="1.0" encoding="UTF-8"?><?xml-stylesheet type='text/xsl' href='_UpgradeReport_Files/UpgradeReport.xslt'?><UpgradeLog>
<Properties><Property Name="Solution" Value="Destinationd">
</Property><Property Name="Solution File" Value="C:\Users\Kaustubh\Downloads\Destinationd\Destinationd.sln">
</Property><Property Name="User Options File" Value="C:\Users\Kaustubh\Downloads\Destinationd\Destinationd.suo">
</Property><Property Name="Date" Value="Friday, February 14, 2020">
</Property><Property Name="Time" Value="18:02 PM">
</Property></Properties><Event ErrorLevel="0" Project="" Source="Destinationd.sln" Description="File successfully backed up as C:\Users\Kaustubh\Downloads\Destinationd\Backup\Destinationd.sln">
</Event><Event ErrorLevel="0" Project="" Source="Destinationd.suo" Description="File successfully backed up as C:\Users\Kaustubh\Downloads\Destinationd\Backup\Destinationd.suo">
</Event><Event ErrorLevel="0" Project="Destinationd" Source="Destinationd\Destinationd.vbproj" Description="Project file successfully backed up as C:\Users\Kaustubh\Downloads\Destinationd\Backup\Destinationd\Destinationd.vbproj">
</Event><Event ErrorLevel="0" Project="Destinationd" Source="Destinationd\Destinationd.vbproj.user" Description="Project user file successfully backed up as C:\Users\Kaustubh\Downloads\Destinationd\Backup\Destinationd\Destinationd.vbproj.user">
</Event><Event ErrorLevel="0" Project="Destinationd" Source="Destinationd\AssemblyInfo.vb" Description="File successfully backed up as C:\Users\Kaustubh\Downloads\Destinationd\Backup\Destinationd\AssemblyInfo.vb">
</Event><Event ErrorLevel="0" Project="Destinationd" Source="Destinationd\clsCheckInternetConnection.vb" Description="File successfully backed up as C:\Users\Kaustubh\Downloads\Destinationd\Backup\Destinationd\clsCheckInternetConnection.vb">
</Event><Event ErrorLevel="0" Project="Destinationd" Source="Destinationd\clsConvertToExcel.vb" Description="File successfully backed up as C:\Users\Kaustubh\Downloads\Destinationd\Backup\Destinationd\clsConvertToExcel.vb">
</Event><Event ErrorLevel="0" Project="Destinationd" Source="Destinationd\clsCreateControls.vb" Description="File successfully backed up as C:\Users\Kaustubh\Downloads\Destinationd\Backup\Destinationd\clsCreateControls.vb">
</Event><Event ErrorLevel="0" Project="Destinationd" Source="Destinationd\clsDataGridPrinter.vb" Description="File successfully backed up as C:\Users\Kaustubh\Downloads\Destinationd\Backup\Destinationd\clsDataGridPrinter.vb">
</Event><Event ErrorLevel="0" Project="Destinationd" Source="Destinationd\frmAbout.vb" Description="File successfully backed up as C:\Users\Kaustubh\Downloads\Destinationd\Backup\Destinationd\frmAbout.vb">
</Event><Event ErrorLevel="0" Project="Destinationd" Source="Destinationd\frmAdmitPatient.vb" Description="File successfully backed up as C:\Users\Kaustubh\Downloads\Destinationd\Backup\Destinationd\frmAdmitPatient.vb">
</Event><Event ErrorLevel="0" Project="Destinationd" Source="Destinationd\frmBed.vb" Description="File successfully backed up as C:\Users\Kaustubh\Downloads\Destinationd\Backup\Destinationd\frmBed.vb">
</Event><Event ErrorLevel="0" Project="Destinationd" Source="Destinationd\frmBill.vb" Description="File successfully backed up as C:\Users\Kaustubh\Downloads\Destinationd\Backup\Destinationd\frmBill.vb">
</Event><Event ErrorLevel="0" Project="Destinationd" Source="Destinationd\frmCheckBox.vb" Description="File successfully backed up as C:\Users\Kaustubh\Downloads\Destinationd\Backup\Destinationd\frmCheckBox.vb">
</Event><Event ErrorLevel="0" Project="Destinationd" Source="Destinationd\frmClinicalCheckup.vb" Description="File successfully backed up as C:\Users\Kaustubh\Downloads\Destinationd\Backup\Destinationd\frmClinicalCheckup.vb">
</Event><Event ErrorLevel="0" Project="Destinationd" Source="Destinationd\frmDischarge.vb" Description="File successfully backed up as C:\Users\Kaustubh\Downloads\Destinationd\Backup\Destinationd\frmDischarge.vb">
</Event><Event ErrorLevel="0" Project="Destinationd" Source="Destinationd\frmDoctor.vb" Description="File successfully backed up as C:\Users\Kaustubh\Downloads\Destinationd\Backup\Destinationd\frmDoctor.vb">
</Event><Event ErrorLevel="0" Project="Destinationd" Source="Destinationd\frmHelp.vb" Description="File successfully backed up as C:\Users\Kaustubh\Downloads\Destinationd\Backup\Destinationd\frmHelp.vb">
</Event><Event ErrorLevel="0" Project="Destinationd" Source="Destinationd\frmInsertIntoCare.vb" Description="File successfully backed up as C:\Users\Kaustubh\Downloads\Destinationd\Backup\Destinationd\frmInsertIntoCare.vb">
</Event><Event ErrorLevel="0" Project="Destinationd" Source="Destinationd\frmLogin.vb" Description="File successfully backed up as C:\Users\Kaustubh\Downloads\Destinationd\Backup\Destinationd\frmLogin.vb">
</Event><Event ErrorLevel="0" Project="Destinationd" Source="Destinationd\frmMain.vb" Description="File successfully backed up as C:\Users\Kaustubh\Downloads\Destinationd\Backup\Destinationd\frmMain.vb">
</Event><Event ErrorLevel="0" Project="Destinationd" Source="Destinationd\frmPrint.vb" Description="File successfully backed up as C:\Users\Kaustubh\Downloads\Destinationd\Backup\Destinationd\frmPrint.vb">
</Event><Event ErrorLevel="0" Project="Destinationd" Source="Destinationd\frmSearch.vb" Description="File successfully backed up as C:\Users\Kaustubh\Downloads\Destinationd\Backup\Destinationd\frmSearch.vb">
</Event><Event ErrorLevel="0" Project="Destinationd" Source="Destinationd\frmSelectedPrint.vb" Description="File successfully backed up as C:\Users\Kaustubh\Downloads\Destinationd\Backup\Destinationd\frmSelectedPrint.vb">
</Event><Event ErrorLevel="0" Project="Destinationd" Source="Destinationd\frmSendEMail.vb" Description="File successfully backed up as C:\Users\Kaustubh\Downloads\Destinationd\Backup\Destinationd\frmSendEMail.vb">
</Event><Event ErrorLevel="0" Project="Destinationd" Source="Destinationd\frmSisterWardboy.vb" Description="File successfully backed up as C:\Users\Kaustubh\Downloads\Destinationd\Backup\Destinationd\frmSisterWardboy.vb">
</Event><Event ErrorLevel="0" Project="Destinationd" Source="Destinationd\frmAbout.resx" Description="File successfully backed up as C:\Users\Kaustubh\Downloads\Destinationd\Backup\Destinationd\frmAbout.resx">
</Event><Event ErrorLevel="0" Project="Destinationd" Source="Destinationd\frmAdmitPatient.resx" Description="File successfully backed up as C:\Users\Kaustubh\Downloads\Destinationd\Backup\Destinationd\frmAdmitPatient.resx">
</Event><Event ErrorLevel="0" Project="Destinationd" Source="Destinationd\frmBed.resx" Description="File successfully backed up as C:\Users\Kaustubh\Downloads\Destinationd\Backup\Destinationd\frmBed.resx">
</Event><Event ErrorLevel="0" Project="Destinationd" Source="Destinationd\frmBill.resx" Description="File successfully backed up as C:\Users\Kaustubh\Downloads\Destinationd\Backup\Destinationd\frmBill.resx">
</Event><Event ErrorLevel="0" Project="Destinationd" Source="Destinationd\frmCheckBox.resx" Description="File successfully backed up as C:\Users\Kaustubh\Downloads\Destinationd\Backup\Destinationd\frmCheckBox.resx">
</Event><Event ErrorLevel="0" Project="Destinationd" Source="Destinationd\frmClinicalCheckup.resx" Description="File successfully backed up as C:\Users\Kaustubh\Downloads\Destinationd\Backup\Destinationd\frmClinicalCheckup.resx">
</Event><Event ErrorLevel="0" Project="Destinationd" Source="Destinationd\frmDischarge.resx" Description="File successfully backed up as C:\Users\Kaustubh\Downloads\Destinationd\Backup\Destinationd\frmDischarge.resx">
</Event><Event ErrorLevel="0" Project="Destinationd" Source="Destinationd\frmDoctor.resx" Description="File successfully backed up as C:\Users\Kaustubh\Downloads\Destinationd\Backup\Destinationd\frmDoctor.resx">
</Event><Event ErrorLevel="0" Project="Destinationd" Source="Destinationd\frmHelp.resx" Description="File successfully backed up as C:\Users\Kaustubh\Downloads\Destinationd\Backup\Destinationd\frmHelp.resx">
</Event><Event ErrorLevel="0" Project="Destinationd" Source="Destinationd\frmInsertIntoCare.resx" Description="File successfully backed up as C:\Users\Kaustubh\Downloads\Destinationd\Backup\Destinationd\frmInsertIntoCare.resx">
</Event><Event ErrorLevel="0" Project="Destinationd" Source="Destinationd\frmLogin.resx" Description="File successfully backed up as C:\Users\Kaustubh\Downloads\Destinationd\Backup\Destinationd\frmLogin.resx">
</Event><Event ErrorLevel="0" Project="Destinationd" Source="Destinationd\frmMain.resx" Description="File successfully backed up as C:\Users\Kaustubh\Downloads\Destinationd\Backup\Destinationd\frmMain.resx">
</Event><Event ErrorLevel="0" Project="Destinationd" Source="Destinationd\frmPrint.resx" Description="File successfully backed up as C:\Users\Kaustubh\Downloads\Destinationd\Backup\Destinationd\frmPrint.resx">
</Event><Event ErrorLevel="0" Project="Destinationd" Source="Destinationd\frmSearch.resx" Description="File successfully backed up as C:\Users\Kaustubh\Downloads\Destinationd\Backup\Destinationd\frmSearch.resx">
</Event><Event ErrorLevel="0" Project="Destinationd" Source="Destinationd\frmSelectedPrint.resx" Description="File successfully backed up as C:\Users\Kaustubh\Downloads\Destinationd\Backup\Destinationd\frmSelectedPrint.resx">
</Event><Event ErrorLevel="0" Project="Destinationd" Source="Destinationd\frmSendEMail.resx" Description="File successfully backed up as C:\Users\Kaustubh\Downloads\Destinationd\Backup\Destinationd\frmSendEMail.resx">
</Event><Event ErrorLevel="0" Project="Destinationd" Source="Destinationd\frmSisterWardboy.resx" Description="File successfully backed up as C:\Users\Kaustubh\Downloads\Destinationd\Backup\Destinationd\frmSisterWardboy.resx">
</Event><Event ErrorLevel="0" Project="Destinationd" Source="Destinationd\Destinationd.vbproj" Description="Project converted successfully">
</Event><Event ErrorLevel="3" Project="Destinationd" Source="Destinationd\Destinationd.vbproj" Description="Converted">
</Event><Event ErrorLevel="0" Project="" Source="Destinationd.sln" Description="Solution converted successfully">
</Event><Event ErrorLevel="3" Project="" Source="Destinationd.sln" Description="Converted">
</Event><Event ErrorLevel="0" Project="Destinationd" Source="Destinationd\Destinationd.vbproj" Description="Scan complete: Upgrade not required for project files.">
</Event></UpgradeLog>